热门查询,点击次数,展示,点击率,排名
95 mortgage calculator,0,24,0%,91.83
hmrc tool,0,17,0%,35.24
hmrc tools and calculators,0,12,0%,56
second mortgage calculator uk,0,9,0%,97.67
mortgage for small holdings calculator,0,7,0%,89
concessionary mortgage calculator,0,7,0%,97.71
remortgage ltv calculator,0,6,0%,74.5
mortgage calculator moving home,0,6,0%,99.5
ltv remortgage calculator,0,5,0%,74.2
retirement mortgage calculator,0,5,0%,96.6
land mortgage calculator uk,0,4,0%,87.25
mortgage calculator ni,0,4,0%,92.5
concessionary purchase mortgage calculator,0,3,0%,98.67
hmrc online tools,0,2,0%,40
pence per litre,0,2,0%,70.5
nationwide mortgage calculator,0,2,0%,75
payslip calculator uk,0,2,0%,80
p litre,0,2,0%,80.5
moving home mortgage calculator,0,2,0%,93.5
svr mortgage calculator,0,2,0%,95.5
second mortgage calculator,0,2,0%,98.5
2nd mortgage calculator uk,0,2,0%,99.5
工具推荐,0,1,0%,1
reed income calculator,0,1,0%,23
hmrc tools,0,1,0%,38
refurbishment mortgage calculator,0,1,0%,39
calculate payment on mortgage,0,1,0%,45
tax tools,0,1,0%,64
password generator uk,0,1,0%,65
uk calculator,0,1,0%,69
nationwide mortgage calculators,0,1,0%,70
nationwide mortgage payment calculator,0,1,0%,72
calculate take home pay uk,0,1,0%,74
miles per litre calculator uk,0,1,0%,78
how many working days in september 2025,0,1,0%,79
ir35 insurance cost,0,1,0%,84
pence per mile petrol,0,1,0%,84
mortgage calculator espc,0,1,0%,85
80% ltv mortgage calculator,0,1,0%,87
mortgage calculator deposit,0,1,0%,87
tax and ni,0,1,0%,87
calculate take home salary uk,0,1,0%,88
95 mortgages calculator,0,1,0%,89
take home uk pay,0,1,0%,89
land mortgage calculator,0,1,0%,91
95% mortgage calculator,0,1,0%,92
switcher mortgage calculator,0,1,0%,94
retirement mortgage calculator uk,0,1,0%,95
mortgage value,0,1,0%,97
how much do i have left on my mortgage,0,1,0%,98
ir35 mortgage calculator,0,1,0%,98
mortgage calulator on second property,0,1,0%,99
mortgage checker,0,1,0%,100
moving house mortgage calculator uk,0,1,0%,100
second property mortgage calculator uk,0,1,0%,100
take home salary calculator,0,1,0%,100