排名靠前的网页,点击次数,展示,点击率,排名
https://mini-tools.uk/mortgage,0,112,0%,87.96
https://mini-tools.uk/,0,63,0%,25.54
https://mini-tools.uk/upload,0,33,0%,2.97
https://mini-tools.uk/about,0,26,0%,2.62
https://mini-tools.uk/contact,0,20,0%,2.8
https://mini-tools.uk/image,0,18,0%,5.11
https://mini-tools.uk/fuel,0,17,0%,37.47
https://mini-tools.uk/token?lang=es,0,15,0%,1
https://mini-tools.uk/privacy,0,15,0%,2.87
https://mini-tools.uk/color-picker,0,15,0%,5.2
https://mini-tools.uk/blog?lang=zh-CN,0,14,0%,3.43
https://mini-tools.uk/tax,0,14,0%,48.5
https://mini-tools.uk/diff?lang=zh-CN,0,13,0%,6
https://mini-tools.uk/blog?lang=en,0,11,0%,3.91
https://mini-tools.uk/pdf2img,0,11,0%,4.73
https://mini-tools.uk/dividend,0,11,0%,4.91
https://mini-tools.uk/blog/tag?name=UK Tax&lang=en,0,10,0%,4.4
https://mini-tools.uk/upload?lang=zh-CN,0,10,0%,5.2
https://mini-tools.uk/qr,0,9,0%,8
https://mini-tools.uk/ir35,0,9,0%,25.33
https://mini-tools.uk/diff,0,7,0%,3.43
https://mini-tools.uk/vat,0,7,0%,4.29
https://mini-tools.uk/about?lang=zh-CN,0,6,0%,3
https://mini-tools.uk/?lang=zh-CN,0,6,0%,3.33
https://mini-tools.uk/blog/tag?name=Weight&lang=en,0,6,0%,3.83
https://mini-tools.uk/json,0,6,0%,6.17
https://mini-tools.uk/zx.html,0,6,0%,8.33
https://mini-tools.uk/stamp-duty?lang=de,0,5,0%,2.4
https://mini-tools.uk/stamp-duty,0,5,0%,4
https://mini-tools.uk/pdf2img?lang=fr,0,5,0%,4.6
https://mini-tools.uk/json?lang=zh-CN,0,5,0%,5.2
https://mini-tools.uk/token,0,5,0%,6.6
https://mini-tools.uk/stamp-duty?lang=fr,0,4,0%,2.75
https://mini-tools.uk/image?lang=de,0,4,0%,7.25
https://mini-tools.uk/stamp-duty?lang=es,0,3,0%,2.33
https://mini-tools.uk/weight,0,3,0%,4.33
https://mini-tools.uk/qr?lang=zh-CN,0,3,0%,5.33
https://mini-tools.uk/image?lang=zh-CN,0,3,0%,5.67
https://mini-tools.uk/privacy?lang=de,0,3,0%,8
https://mini-tools.uk/pdf2img?lang=zh-CN,0,3,0%,8.67
https://mini-tools.uk/fuel?lang=zh-CN,0,3,0%,9.33
https://mini-tools.uk/stamp-duty?lang=zh-CN,0,2,0%,1
https://mini-tools.uk/blog/tag?name=Limited Company&lang=en,0,2,0%,2
https://mini-tools.uk/pdf2img?lang=de,0,2,0%,2.5
https://mini-tools.uk/blog/tag?name=Dividends&lang=en,0,2,0%,3
https://mini-tools.uk/blog/tag?name=Finance Tool&lang=en,0,2,0%,3
https://mini-tools.uk/blog/tag?name=Inside IR35&lang=en,0,2,0%,3
https://mini-tools.uk/privacy?lang=zh-CN,0,2,0%,3
https://mini-tools.uk/color-picker?lang=zh-CN,0,2,0%,5
https://mini-tools.uk/vat?lang=zh-CN,0,2,0%,7
https://mini-tools.uk/?lang=zh,0,1,0%,1
https://mini-tools.uk/blog/tag?name=Income Tax&lang=de,0,1,0%,1
https://mini-tools.uk/blog/tag?name=VAT&lang=en,0,1,0%,2
https://mini-tools.uk/mortgage?lang=zh-CN,0,1,0%,2
https://mini-tools.uk/upload?lang=de,0,1,0%,2
https://mini-tools.uk/working-days?lang=zh-CN,0,1,0%,2
https://mini-tools.uk/blog/tag?name=Weight&lang=es,0,1,0%,3
https://mini-tools.uk/dividend?lang=zh-CN,0,1,0%,4
https://mini-tools.uk/upload?lang=fr,0,1,0%,4
https://mini-tools.uk/upload?lang=es,0,1,0%,5
https://mini-tools.uk/weight?lang=zh-CN,0,1,0%,6
https://mini-tools.uk/?lang=es,0,1,0%,7
https://mini-tools.uk/ir35?lang=zh-CN,0,1,0%,7
https://mini-tools.uk/diff?lang=de,0,1,0%,8
https://mini-tools.uk/contact?lang=zh-CN,0,1,0%,10
https://mini-tools.uk/fuel?lang=de,0,1,0%,10
https://mini-tools.uk/password,0,1,0%,65
https://mini-tools.uk/working-days,0,1,0%,79